desc,Price,Currency,Category,Address,Bed_Rooms,Washroom,SKU,Image,Product_url
"Disponible immédiatement. Aires communes à aires ouvertes. Armoires nombreuses à la cuisine. Chambre principale spacieuse avec walk-in. Salle de bains équipée d'un bain profond avec assise. Galerie avant, encastrés aux soffites, grande cour avec un grand patio.",120000,CAD,Maison à vendre,"56, Rue des Pommiers,Lebel-sur-Quévillon",3,2,22161191,https://mspublic.centris.ca/media.ashx?id=ADDD250D29332FED1E44040D1B&t=pi&w=320&h=240&sm=c,https://www.centris.ca/fr/maison~a-vendre~lebel-sur-quevillon/22161191?view=Summary
"Belle maison bien entretenue située près de tout. 3 chambres au RDC, idéal pour une famille. Une grande cour clôturée, prête pour tous les projets. Libre rapidement si désiré",120000,CAD,Maison à vendre,"67, Rue des Saules,Lebel-sur-Quévillon",4,1,22489621,https://mspublic.centris.ca/media.ashx?id=ADDD250D2618613D1E0481ED1B&t=pi&w=320&h=240&sm=c,https://www.centris.ca/fr/maison~a-vendre~lebel-sur-quevillon/22489621?view=Summary
"Belle propriété sur le bord du Lac Chibougamau, secteur enchanteur à 20 minutes du centre ville. Vue sur le lac, 3 chambres, grand terrain avec garage double, plan de propriété disponible, 2e propriétaire seulement. C'est à voir!!",385000,CAD,Maison à vendre,"112, Chemin du Domaine-Rustique,Chibougamau",3,1,14812889,https://mspublic.centris.ca/media.ashx?id=ADDD250D2691061DD54DA3FD1A&t=pi&w=320&h=240&sm=c,https://www.centris.ca/fr/maison~a-vendre~chibougamau/14812889?view=Summary
"Maison de 1995 très bien entretenue, toiture refaite 2018, un seul propriétaire. Bien située, près du centre-ville et des écoles. Grande garage avec mur en bloc de béton jusqu'à la toiture, possibilité d'y entreposer bateau ou roulotte de voyage.",220000,CAD,Maison à vendre,"533, 1re Rue,Chibougamau",2,1,10373997,https://mspublic.centris.ca/media.ashx?id=ADDD250D23311A8DDF5C9A3D1D&t=pi&w=320&h=240&sm=c,https://www.centris.ca/fr/maison~a-vendre~chibougamau/10373997?view=Summary
Jolie maison sur un grand terrain près de tout. Elle offre une belle luminosité et des pièces de bonne dimension. Au sous-sol la salle de bains est attenante à la chambre à coucher. Un très grand balcon sur lequel est installé une table de 8 places fait à la main fera le bonheur de tous!! Terminez la soirée autour du feu.,160000,CAD,Maison à vendre,"60, Rue des Saules,Lebel-sur-Quévillon",4,2,13943853,https://mspublic.centris.ca/media.ashx?id=ADDD250D2E5E3ADDD3C7C43D12&t=pi&w=320&h=240&sm=c,https://www.centris.ca/fr/maison~a-vendre~lebel-sur-quevillon/13943853?view=Summary
"Ayez votre propre chez soi au prix d'un loyer. Belle maison unimodulaire au goût du jour avec 3 grandes chambres à coucher et une salle de lavage en prime.Une visite s'impose, qu'attendez-vous ? Contactez-moi !",92000,CAD,Maison mobile à vendre,"96, Place  J.-E.-Rivest,Lebel-sur-Quévillon",3,1,10470491,https://mspublic.centris.ca/media.ashx?id=ADDD250D291B103DDF67CE9D1F&t=pi&w=320&h=240&sm=c,https://www.centris.ca/fr/maison-mobile~a-vendre~lebel-sur-quevillon/10470491?view=Summary
"Grande maison de 5 chambres, garage et sans voisin arrière. Drain français refait et membrane neuf en 2019, cette maison bien entretenue est vendu avec beaucoup d'inclus. Faites vites demander votre visite!",250000,CAD,Maison à vendre,"545, Rue  Bordeleau,Chibougamau",4,2,20299912,https://mspublic.centris.ca/media.ashx?id=ADDD250D2690E0ED12E7DBBD1E&t=pi&w=320&h=240&sm=c,https://www.centris.ca/fr/maison~a-vendre~chibougamau/20299912?view=Summary
"PROPRIÉTÉ UNIQUE avec beaucoup de potentiel située sur un grand terrain. Maison construite avec des matériaux de qualité. Finition extérieure en granite. Foyer au bois au salon et au sous-sol. cette propriété possède 6 chambres à coucher,1 sdb et 3 salles d'eau. Grande cour arrière pour pratiquer vos activités préférées en famille ou entre amis. Contactez-moi pour une visite!",99000,CAD,Maison à vendre,"59, Rue des Ormes,Lebel-sur-Quévillon",6,4,25469715,https://mspublic.centris.ca/media.ashx?id=ADDD250D2678044D1BC8212D12&t=pi&w=320&h=240&sm=c,https://www.centris.ca/fr/maison~a-vendre~lebel-sur-quevillon/25469715?view=Summary
"Jolie maison mobile située à quelques pas du centre-ville, 3 chambres avec remise et cour clôturée. Vous pouvez être propriétaire pour le prix d'un logement. Pour plus d'infos, contactez Lynda Desgagné au 418-770-9038.",101500,CAD,Maison mobile à vendre,"71, 7e Rue Est,Chibougamau",3,1,22745633,https://mspublic.centris.ca/media.ashx?id=ADDD250D235A3C7D1E91441D10&t=pi&w=320&h=240&sm=c,https://www.centris.ca/fr/maison-mobile~a-vendre~chibougamau/22745633?view=Summary
Maison bien située avec un bon potentiel. Donnez lui de l'amour pour avoir la maison de vos rêves!! La cour offre un grand patio et deux grandes remises sur grand terrain entouré de haies de cèdres.,105000,CAD,Maison à vendre,"79, Rue des Pommiers,Lebel-sur-Quévillon",3,2,28469025,https://mspublic.centris.ca/media.ashx?id=ADDD250D2311F81D194A041D12&t=pi&w=320&h=240&sm=c,https://www.centris.ca/fr/maison~a-vendre~lebel-sur-quevillon/28469025?view=Summary
"Vous serez surpris par la grandeur de ce jumelé situé au coeur de la ville, en face de l'école primaire. Vous y trouverez 4 chambres à coucher,dont 3 sur le même étage, 2 salons, et 2 salles de bain. Une grande cour clôturée pour plus d'intimité. Une visite et vous tomberez sous son charme !",150000,CAD,Maison à vendre,"129, Rue  Principale Sud,Lebel-sur-Quévillon",4,3,17677830,https://mspublic.centris.ca/media.ashx?id=ADDD250D2813928D1D395DAD1F&t=pi&w=320&h=240&sm=c,https://www.centris.ca/fr/maison~a-vendre~lebel-sur-quevillon/17677830?view=Summary
"Pour bricoleur, près des écoles avec 3 chambres à couchers. Appelez-moi pour une visite. Jean-François 418-770-5211",79500,CAD,Maison à vendre,"60, 7e Rue,Chapais",3,1,16208676,https://mspublic.centris.ca/media.ashx?id=ADDD250D248F393DD60E24CD1A&t=pi&w=320&h=240&sm=c,https://www.centris.ca/fr/maison~a-vendre~chapais/16208676?view=Summary
"Très grande maison avec 5 chambres, beaucoup de rangement, portes extérieur neuves, plomberie refait, couvre-plancher neuf des chambres et salle de bains au sous-sol. Grand terrain clôturé. A voir !",126500,CAD,Maison à vendre,"14, 1re Avenue,Chapais",5,2,11701138,https://mspublic.centris.ca/media.ashx?id=ADDD250D2356EDCDD94B9F4D1A&t=pi&w=320&h=240&sm=c,https://www.centris.ca/fr/maison~a-vendre~chapais/11701138?view=Summary
"Tout près des école, du parc et du centre ville. Bien entretenue et améliorée au fil des ans. La maison est construite sur un coin de rue et sa façade donne sur la ruelle. Un beau balcon en composite recouvert a été installé dans les dernières années. C'est une maison idéale pour une famille et DISPONIBLE IMMÉDIATEMENT. À qui la chance?",130000,CAD,Maison à vendre,"61, Rue des Sapins,Lebel-sur-Quévillon",4,2,18587736,https://mspublic.centris.ca/media.ashx?id=ADDD250D27B9654D1198DEBD10&t=pi&w=320&h=240&sm=c,https://www.centris.ca/fr/maison~a-vendre~lebel-sur-quevillon/18587736?view=Summary
"À vendre à Matagami à prix abordable. Cette propriété possède 2 chambres à coucher. Elle est située dans un quartier tranquille à proximité de l'école primaire, d'un parc et de la rivière Bell. Idéale pour une petite famille ou pour une première maison. Il y a aussi un garage qui possède l'électricité et un foyer à bois qui permet de le chauffer.",66000,CAD,Maison à vendre,"12, Rue  Daniel,Matagami",2,1,26220925,https://mspublic.centris.ca/media.ashx?id=ADDD250D27AEB55D1FD1F03D1C&t=pi&w=320&h=240&sm=c,https://www.centris.ca/fr/maison~a-vendre~matagami/26220925?view=Summary
"Maison unifamiliale avec logement au sous-sol. Tous deux offrent deux chambres de bonne dimension et des espaces de vie agréables. Vous aurez aussi une grande cour, un garage et un grand stationnement double largeur.",149500,CAD,Maison à vendre,"73, Rue des Pommiers,Lebel-sur-Quévillon",4,2,26383034,https://mspublic.centris.ca/media.ashx?id=ADDD250D23EE7EED1F4F498D1C&t=pi&w=320&h=240&sm=c,https://www.centris.ca/fr/maison~a-vendre~lebel-sur-quevillon/26383034?view=Summary
"Superbe maison mobile de 2 grandes chambres. Plusieurs rénovations au cours des dernières années: cuisine, salle de bains, plomberie, électricité, toiture, portes, fenêtres et plus encore! Info.: Lynda Desgagné 418-770-9038",79900,CAD,Maison mobile à vendre,"1209, 12e Rue,Chibougamau",2,1,19573854,https://mspublic.centris.ca/media.ashx?id=ADDD250D261FD4ED14887E5D1B&t=pi&w=320&h=240&sm=c,https://www.centris.ca/fr/maison-mobile~a-vendre~chibougamau/19573854?view=Summary
,169500,CAD,Maison à vendre,"62, 7e Rue,Chapais",3,2,10276559,https://mspublic.centris.ca/media.ashx?id=ADDD250D2330C79DDF77576D1C&t=pi&w=320&h=240&sm=c,https://www.centris.ca/fr/maison~a-vendre~chapais/10276559?view=Summary
"Terre de 100 acres boisés incluant une petite maison de 1 étage et demi comprenant 3 chambres à coucher, garage ainsi qu'un camp de chasse construit en 2013. Le tout, situé à 20 minutes de La Sarre.",130000,CAD,Maison à vendre,"2456, Chemin des 8e-et-9e-Rangs,Eeyou Istchee Baie-James (Valcanton),Quartier Val-Paradis",3,2,18013422,https://mspublic.centris.ca/media.ashx?id=ADDD250D27AD841D1143755D10&t=pi&w=320&h=240&sm=c,https://www.centris.ca/fr/maison~a-vendre~eeyou-istchee-baie-james-valcanton/18013422?view=Summary
"Jolie Jumelée de 5 chambres prêt pour accueillir votre grande famille à petit budget. Possibilité d'une autre salle de bain au sous-sol. Grand patio extérieur pour profiter du soleil et s'amuser. Grand salon, belle salle à manger. Un beau petit chez vous ou il fait bon vivre! Serez-vous le prochain à en bénéficier ?",74000,CAD,Maison à vendre,"96, Rue des Épinettes,Lebel-sur-Quévillon",5,2,26403122,https://mspublic.centris.ca/media.ashx?id=ADDD250D298E3B6D1F45124D1A&t=pi&w=320&h=240&sm=c,https://www.centris.ca/fr/maison~a-vendre~lebel-sur-quevillon/26403122?view=Summary
"Jolie chalet 4 saisons offrant 2 chambres à coucher et 1 S-de-B sur grand terrain intime avec vue sur le lac Pajegasque et installation septique conforme. Le chalet a été rénové de fond en comble depuis 2009, il ne reste que quelques travaux de finition à terminer et l'installation d'un système d'approvisionnement en eau potable. À qui la chance!",115000,CAD,Maison à vendre,"79, Chemin du Lac-Pajegasque,Eeyou Istchee Baie-James (Valcanton),Quartier Beaucanton",2,1,25524929,https://mspublic.centris.ca/media.ashx?id=ADDD250D25CCB0FD1BE0871D1B&t=pi&w=320&h=240&sm=c,https://www.centris.ca/fr/maison~a-vendre~eeyou-istchee-baie-james-valcanton/25524929?view=Summary
Propriété très bien entretenue et cour arrière privée sans voisin. Elle possède 4 chambres à coucher et 2 salles de bains complètes. Vous découvrirez sa salle familiale vintage au sous-sol. Un bel espace de vie pour toute la famillle. Une visite et vous tomberez sous son charme !,130000,CAD,Maison à vendre,"95, Rue des Sapins,Lebel-sur-Quévillon",4,2,24994226,https://mspublic.centris.ca/media.ashx?id=ADDD250D26FD4BCD103A194D10&t=pi&w=320&h=240&sm=c,https://www.centris.ca/fr/maison~a-vendre~lebel-sur-quevillon/24994226?view=Summary
"Maison de 2 logements avec revenus ou propriétaire occupant et un logement en location, idéal pour premier achat. Cour clôturée, avec garage et très près du centre-ville. Contactez Lynda Desgagné au 418-770-9038 pour plus d'informations.",229500,CAD,Duplex à vendre,"410 - 412, 1re Rue,Chibougamau",2,1,18616523,https://mspublic.centris.ca/media.ashx?id=ADDD250D2635B15D1171D79D1F&t=pi&w=320&h=240&sm=c,https://www.centris.ca/fr/duplex~a-vendre~chibougamau/18616523?view=Summary
"Vente rapide!!! Maison solide près des écoles. Idéale pour une grande famille ou encore des travailleurs. Elle est grande, lumineuse et à un super potentiel.",100000,CAD,Maison à vendre,"62, Rue des Sapins,Lebel-sur-Quévillon",5,2,19519593,https://mspublic.centris.ca/media.ashx?id=ADDD250D2B9FE22D14F3BAFD1B&t=pi&w=320&h=240&sm=c,https://www.centris.ca/fr/maison~a-vendre~lebel-sur-quevillon/19519593?view=Summary
Maison à un étage et demi vous offrant 5 chambres à coucher et beaucoup de rangement. Les deux entrées pour la maison ont un garde-robe pour vous débarrasser en entrant. La maison a été entretenue et des travaux ont été effectués au fil des ans. La toiture est en aluminium et garantie 50 ans.,235000,CAD,Maison à vendre,"115, Rue des Peupliers,Lebel-sur-Quévillon",5,3,12452814,https://mspublic.centris.ca/media.ashx?id=ADDD250D2787194DD95D275D1E&t=pi&w=320&h=240&sm=c,https://www.centris.ca/fr/maison~a-vendre~lebel-sur-quevillon/12452814?view=Summary
"Avec ses 3 chambres à coucher et une possibilité de 5. De bonne construction et à bon prix, elle saura vous plaire.",142500,CAD,Maison à vendre,"55, 5e Rue,Chapais",3,2,18074448,https://mspublic.centris.ca/media.ashx?id=ADDD250D2350003D11279EDD1A&t=pi&w=320&h=240&sm=c,https://www.centris.ca/fr/maison~a-vendre~chapais/18074448?view=Summary
PROPRIÉTÉ LIBRE IMMÉDIATEMENT !! UN CHEZ SOI MOINS CHER QU'UN LOGMENT !! Un petit peu d'amour et vous redonnerez de l'éclat à cette maison spacieuse avec 5 chambres à coucher. Bels espaces de vie au rdc. Vous pourrez aménager le sous-sol selon vos goûts. QU'ATTENDEZ-VOUS POUR UNE VISITE ?,96500,CAD,Maison à vendre,"52, Rue des Cèdres,Lebel-sur-Quévillon",5,2,23152971,https://mspublic.centris.ca/media.ashx?id=ADDD250D2E29936D1A1CFC9D1A&t=pi&w=320&h=240&sm=c,https://www.centris.ca/fr/maison~a-vendre~lebel-sur-quevillon/23152971?view=Summary
"Beau grand duplex avec deux grand 5 1/2, garage et cour. Idéale pour un propriétaire occupant car l'autre logement aide à payer l'hypothèque. Se duplex est très bien situé, proche des écoles et du centre ville. À voir!",220000,CAD,Duplex à vendre,"122 - 124, 3e Avenue Nord,Chibougamau",3,1,16621835,https://mspublic.centris.ca/media.ashx?id=ADDD250D23A5FBADD6381D9D1E&t=pi&w=320&h=240&sm=c,https://www.centris.ca/fr/duplex~a-vendre~chibougamau/16621835?view=Summary
"Maison de bonne construction et bien entretenue au fil du temps, elle saura vous plaire avec toutes ses commodités.",239900,CAD,Maison à vendre,"178, Rue  Joe-Mann,Chibougamau",4,2,25774716,https://mspublic.centris.ca/media.ashx?id=ADDD250D2557CAAD1BFC807D1F&t=pi&w=320&h=240&sm=c,https://www.centris.ca/fr/maison~a-vendre~chibougamau/25774716?view=Summary
"Voici la maison que vous cherchez pour vous et votre famille! Garage, 5 chambres, 2 salles de bain, beau terrain en coin...Venez la voir, vous serez agréablement surpris!",110000,CAD,Maison à vendre,"40, Rue des Merisiers,Lebel-sur-Quévillon",5,2,16448397,https://mspublic.centris.ca/media.ashx?id=ADDD250D202639BDD6869B3D14&t=pi&w=320&h=240&sm=c,https://www.centris.ca/fr/maison~a-vendre~lebel-sur-quevillon/16448397?view=Summary
,125000,CAD,Maison à vendre,"70, Rue des Pins,Lebel-sur-Quévillon",4,1,28276713,https://mspublic.centris.ca/media.ashx?id=ADDD250D26B2569D186005FD1E&t=pi&w=320&h=240&sm=c,https://www.centris.ca/fr/maison~a-vendre~lebel-sur-quevillon/28276713?view=Summary
"Maison traditionnelle Québécoise de 3 chambres au RDC. Logement de 2 chambres au sous-sol. Terrain de 7000pc, stationnement pour 4 voitures, garage et cabanon. Beaucoup d'améliorations au fil des ans. Drain français maison et garage, toiture récente maison et garage aussi, galerie avant et arrière rafraichies en 2021.",130000,CAD,Maison à vendre,"82, Rue des Pommiers,Lebel-sur-Quévillon",5,2,22234363,https://mspublic.centris.ca/media.ashx?id=ADDD250D2703F55D1E2CC69D11&t=pi&w=320&h=240&sm=c,https://www.centris.ca/fr/maison~a-vendre~lebel-sur-quevillon/22234363?view=Summary
"Maison 4 chambres, garage, bien située. Prise de possession rapide. Votre chez vous pour le prix d'un logement!",99000,CAD,Maison à vendre,"11, 3e Rue,Chapais",4,1,13519445,https://mspublic.centris.ca/media.ashx?id=ADDD250D261BA33DD75C8EED1E&t=pi&w=320&h=240&sm=c,https://www.centris.ca/fr/maison~a-vendre~chapais/13519445?view=Summary
"Belle propriété clé en main qui saura vous charmer avec ses belles pièces lumineuses, une très grande chambre des maîtres, un terrain aménagé ainsi qu'un beau garage électrifié. Un beau patio arrière de 12 X 12 et un gazebo de 16 pieds en bois pour profiter de vos étés sur votre terrain. À qui la chance !",125000,CAD,Maison à vendre,"208, boulevard  Matagami,Matagami",3,1,12617072,https://mspublic.centris.ca/media.ashx?id=ADDD250D2659945DD7DBE0DD1B&t=pi&w=320&h=240&sm=c,https://www.centris.ca/fr/maison~a-vendre~matagami/12617072?view=Summary
"Maison bien entretenue au fil des ans. 2 stationnements en gravier, idéal pour entreposer un motorisé. Le terrain est assez spacieux pour y construire un garage. La propriété est adossée à la piste cyclable et le voisin arrière c'est la forêt!",172500,CAD,Maison à vendre,"63, Rue des Ormes,Lebel-sur-Quévillon",5,2,22416882,https://mspublic.centris.ca/media.ashx?id=ADDD250D2332D6BD1EAD364D1A&t=pi&w=320&h=240&sm=c,https://www.centris.ca/fr/maison~a-vendre~lebel-sur-quevillon/22416882?view=Summary
"Beau grand terrain prêt à vous établir, ancienne pourvoirie, poissons en abondance. Situé à Miquelon",95000,CAD,Terrain à vendre,"2536, Route  113,Eeyou Istchee Baie-James",,,27390300,https://mspublic.centris.ca/media.ashx?id=ADDD250D26F18A3D18161E7D1B&t=pi&w=320&h=240&sm=c,https://www.centris.ca/fr/terrain~a-vendre~eeyou-istchee-baie-james/27390300?view=Summary
"Jolie maison avec vue sur une partie de sur la ville. Pièces communes à aires ouvertes, planchers de bois au salon et dans les 2 chambres et une grande salle de bains vous sont offert au RDC. Stationnement asphalté pour 3 voitures et un garage avec électricité.",109000,CAD,Maison à vendre,"62, Rue des Cèdres,Lebel-sur-Quévillon",2,2,15010857,https://mspublic.centris.ca/media.ashx?id=ADDD250D25CB898DD5ED74FD1B&t=pi&w=320&h=240&sm=c,https://www.centris.ca/fr/maison~a-vendre~lebel-sur-quevillon/15010857?view=Summary
"Maison solide, bien située avec un grand terrain. Stationnement double largeur assez grand pour 4 véhicules. La propriété offre deux logements et a accueilli des chambreurs dans les dernières années. Elle n'est peut-être pas au goût du jour, mais à votre rythme pourrez la mettre À VOTRE GOÛT :)",110000,CAD,Maison à vendre,"53, Rue des Épinettes,Lebel-sur-Quévillon",4,2,25898413,https://mspublic.centris.ca/media.ashx?id=ADDD250D20D154FD1B94383D12&t=pi&w=320&h=240&sm=c,https://www.centris.ca/fr/maison~a-vendre~lebel-sur-quevillon/25898413?view=Summary
Grande maison avec un super potentiel. On aime la luminosité offerte par les grandes fenêtres du grand salon et le rangement de la chambre principale qui fait tout un mur.,120000,CAD,Maison à vendre,"78, Rue des Bouleaux,Lebel-sur-Quévillon",4,1,16105432,https://mspublic.centris.ca/media.ashx?id=ADDD250D293DB26DD6E963BD12&t=pi&w=320&h=240&sm=c,https://www.centris.ca/fr/maison~a-vendre~lebel-sur-quevillon/16105432?view=Summary
"Domaine du lac Dulieux à 15 minutes de la ville,5 minutes de l'aéroport, terrasse 800 pieds carrés, installation pour génératrice, plage, vue panoramique, sous-sol 8pieds et +,9600 pieds carrés de gazon, avec 4 chambres à coucher, elle saura vous plaire.",535000,CAD,Chalet à vendre,"3, Chemin du Lac-Dulieux,Chibougamau",4,3,23063120,https://mspublic.centris.ca/media.ashx?id=ADDD250D272F3B9D1E658EDD1E&t=pi&w=320&h=240&sm=c,https://www.centris.ca/fr/chalet~a-vendre~chibougamau/23063120?view=Summary
Maison de 7 chambres avec un super potentiel. Les pièces communes sont au RDC et les chambres sont au sous-sol et à l'étage. Il y a 2 salles de bains avec les chambres et il y a une salle d'eau ainsi que les laveuse / sécheuse au RDC. La toiture est d'origine et le terrain de 7561pc peut être aménagé selon vos besoins.,230000,CAD,Maison à vendre,"72, Côte du Plateau,Lebel-sur-Quévillon",7,3,18644613,https://mspublic.centris.ca/media.ashx?id=ADDD250D274B439D11705BED1B&t=pi&w=320&h=240&sm=c,https://www.centris.ca/fr/maison~a-vendre~lebel-sur-quevillon/18644613?view=Summary
"**LIBRE IMMÉDIATEMENT** Soyez chez vous pour moins cher qu'un loyer. Jumelé situé près de tous les services à pied, rez-de chaussée à aire ouverte, 2 salles de bains, 3 chambres à l'étage ainsi qu'un sous-sol complètement aménagé. Grand patio, cour clôturée et remise. N'attendez plus contactez-moi pour une visite !",75000,CAD,Maison à vendre,"11, Place  Franquet,Lebel-sur-Quévillon",3,2,12728582,https://mspublic.centris.ca/media.ashx?id=ADDD250D26FD4CBDD742FDAD11&t=pi&w=320&h=240&sm=c,https://www.centris.ca/fr/maison~a-vendre~lebel-sur-quevillon/12728582?view=Summary
"Propriété très bien située, 3 chambres à coucher et un garage. À bas prix, parfait pour une première maison.(voir photos 360 degrés patricksaucier.com multimédias écrit en rouge)",151200,CAD,Maison à vendre,"317, Rue  Wilson,Chibougamau",3,1,12091483,https://mspublic.centris.ca/media.ashx?id=ADDD250D2978E75DD9BBDE9D12&t=pi&w=320&h=240&sm=c,https://www.centris.ca/fr/maison~a-vendre~chibougamau/12091483?view=Summary
"Magnifique maison à deux étages complètement rénovée au goût du jour et située dans un superbe quartier tranquille. Elle possède 2 halls d'entrée, 4 chambres, 2 salles de bains complètes ainsi qu'un garage. Une visite vous comblera! Pour informations: Mme Lynda Desgagné au 418-770-9038",355000,CAD,Maison à vendre,"7, Rue du Rond-Point,Chapais",4,3,13124584,https://mspublic.centris.ca/media.ashx?id=ADDD250D2B3AF24DD7BC25BD1B&t=pi&w=320&h=240&sm=c,https://www.centris.ca/fr/maison~a-vendre~chapais/13124584?view=Summary
LIBRE IMMÉDIATEMENT !! Propriété au cachet unique au décor d'antan. Cette maison vous offre 3 chambres à coucher possibilité d'une 4e chambre à la mezzanine. Un hall d'entrée spacieux pouvant servir de solarium. Un garage avec une belle grande cour arrière complètememt aménagée. De l'espace pour toute la famille. Contactez-moi pour une visite !,144500,CAD,Maison à vendre,"89, Rue des Sapins,Lebel-sur-Quévillon",4,1,14577426,https://mspublic.centris.ca/media.ashx?id=ADDD250D26FD4A9DD35A614D1A&t=pi&w=320&h=240&sm=c,https://www.centris.ca/fr/maison~a-vendre~lebel-sur-quevillon/14577426?view=Summary
"Belle maison très bien entretenu avec les années, 3e propriétaire. 5 chambres a couchés, deux salle de bains complète, un coin de rue sans voisin sur le côté. Belle cour bien aménagée, intime, avec spa et gazébo. Possibilité d'acheter des meubles. Idéale pour famille avec jeune enfant car nous avons 3 chambres au rez-de-chaussée! Demander votre visite sans tarder!",250000,CAD,Maison à vendre,"299, Rue  Laframboise,Chibougamau",5,2,14385725,https://mspublic.centris.ca/media.ashx?id=ADDD250D26512C2DD39B423D14&t=pi&w=320&h=240&sm=c,https://www.centris.ca/fr/maison~a-vendre~chibougamau/14385725?view=Summary
"À VENDRE à Lebel-sur-Quévillon un beau jumelé clé en main:4 chambres dont une une chambre des maitres au sous-sol, 2 salles de bain dont une avec plancher chauffant et 1 salle d'eau . De belles rénovations ont été effectuées, rue en cul-de-sac. Venez voir par vous mêmes une visite s'impose. A qui la chance !",98000,CAD,Maison à vendre,"5, Place  Verneuil,Lebel-sur-Quévillon",4,3,23507205,https://mspublic.centris.ca/media.ashx?id=ADDD250D23AEA51D1AA91DED12&t=pi&w=320&h=240&sm=c,https://www.centris.ca/fr/maison~a-vendre~lebel-sur-quevillon/23507205?view=Summary
"Belle propriété lumineuse avec garage et remise, 4 chambres à coucher près de la polyvalente, aréna et golf. Prise de possession plus rapide a discuter avec les vendeurs. C'est à voir!!",179000,CAD,Maison à vendre,"146, Rue  Jaculet,Chibougamau",4,1,13197216,https://mspublic.centris.ca/media.ashx?id=ADDD250D236FB50DD7FE68DD1A&t=pi&w=320&h=240&sm=c,https://www.centris.ca/fr/maison~a-vendre~chibougamau/13197216?view=Summary
,109900,CAD,Maison mobile à vendre,"1617, Rue  Saint-Jacques,Chibougamau",2,1,19518303,https://mspublic.centris.ca/media.ashx?id=ADDD250D2982415D14F32E6D11&t=pi&w=320&h=240&sm=c,https://www.centris.ca/fr/maison-mobile~a-vendre~chibougamau/19518303?view=Summary
"Belle maison située près de tous les services. Très lumineuse avec grand hall d'entrée, vaste patio et garage isolé. Demandez une visite! Lynda Desgagné 418-770-9038",259900,CAD,Maison à vendre,"715, 5e Rue,Chibougamau",4,2,25317413,https://mspublic.centris.ca/media.ashx?id=ADDD250D2662B8AD1B4ED4ED1B&t=pi&w=320&h=240&sm=c,https://www.centris.ca/fr/maison~a-vendre~chibougamau/25317413?view=Summary
"Idéale comme première maison, bien située et libre rapidement.",121500,CAD,Maison à vendre,"38, 2e Avenue,Chapais",4,2,23960573,https://mspublic.centris.ca/media.ashx?id=ADDD250D25B0337D1A3F963D1B&t=pi&w=320&h=240&sm=c,https://www.centris.ca/fr/maison~a-vendre~chapais/23960573?view=Summary
"Maison pour bricoleur. Cuisine, salle à manger et salon sont à aires ouvertes. Bon potentiel.",75000,CAD,Maison à vendre,"56, Rue des Bouleaux,Lebel-sur-Quévillon",3,1,17460315,https://mspublic.centris.ca/media.ashx?id=ADDD250D26F06DDD1D8A7E9D12&t=pi&w=320&h=240&sm=c,https://www.centris.ca/fr/maison~a-vendre~lebel-sur-quevillon/17460315?view=Summary
"Maison unifamiliale ou duplex selon vos besoin. Au rez-de-chaussée, il y a un 4 1/2 avec une très grande chambre des maîtres, une cuisine et une salle de bain rénovée. Au sous-sol, vous y trouverez un 5 1/2 avec 3 chambres à coucher. Beaucoup d'espace pour un grande famille. Contactez-moi pour une visite!",148500,CAD,Maison à vendre,"106, Rue des Frênes,Lebel-sur-Quévillon",5,2,23311328,https://mspublic.centris.ca/media.ashx?id=ADDD250D26FDDE1D1A2925DD1A&t=pi&w=320&h=240&sm=c,https://www.centris.ca/fr/maison~a-vendre~lebel-sur-quevillon/23311328?view=Summary
"Pour investisseur, TRIPLEX 3 x 4.5 pièces.",150000,CAD,Triplex à vendre,"15, 6e Rue,Chapais",2,1,27514556,https://mspublic.centris.ca/media.ashx?id=ADDD250D262F1B4D1823A97D1A&t=pi&w=320&h=240&sm=c,https://www.centris.ca/fr/triplex~a-vendre~chapais/27514556?view=Summary
"Grande maison de 5 chambres à coucher pour un investisseur ou une grande famille, située dans une ville chaleureuse et accueillante. Toutes les pièces sont sur un même palier donc peut être parfaite pour une personne à mobilité réduite. Manquez pas votre chance!",59000,CAD,Maison à vendre,"36, Rue  Rupert,Matagami",5,1,22383109,https://mspublic.centris.ca/media.ashx?id=ADDD250D2529E21D1EEB8DED1F&t=pi&w=320&h=240&sm=c,https://www.centris.ca/fr/maison~a-vendre~matagami/22383109?view=Summary
,250000,CAD,Maison à vendre,"75, Rue des Bouleaux,Lebel-sur-Quévillon",6,2,13181204,https://mspublic.centris.ca/media.ashx?id=ADDD250D266E860DD7F411CD1B&t=pi&w=320&h=240&sm=c,https://www.centris.ca/fr/maison~a-vendre~lebel-sur-quevillon/13181204?view=Summary
"-Immeuble de deux logements, Potentiel pour en faire une propriété bigénérationnel, maison à revenue ou unifamilial. -Garage séparé -Deux stationnements distincts. -Un belle opportunité pour investir ou se loger avec revenue.",150000,CAD,Duplex à vendre,"288, Chemin  Merrill,Chibougamau",2,1,25762162,https://mspublic.centris.ca/media.ashx?id=ADDD250D26A12F4D1BF1F04D10&t=pi&w=320&h=240&sm=c,https://www.centris.ca/fr/duplex~a-vendre~chibougamau/25762162?view=Summary
,60000,CAD,Maison à vendre,"181, 2e Rue,Chibougamau",1,1,26459125,https://mspublic.centris.ca/media.ashx?id=ADDD250D2392FBAD1F2996ED10&t=pi&w=320&h=240&sm=c,https://www.centris.ca/fr/maison~a-vendre~chibougamau/26459125?view=Summary
Voici une belle maison fraîchement peinturée avec beaucoup d'espace de rangement. Elle est située Tout près de l'hôpital et d'un CPE ainsi que dans une ville très accueillante et calme.,82000,CAD,Maison à vendre,"45, Rue de Dieppe,Matagami",3,2,26281727,https://mspublic.centris.ca/media.ashx?id=ADDD250D2529C87D1F1DA66D1D&t=pi&w=320&h=240&sm=c,https://www.centris.ca/fr/maison~a-vendre~matagami/26281727?view=Summary
"Le clés en main parfait pour votre budget. Grand terrain idéal pour les enfants, 5 chambres, 2 salles de bans, fenestration offrant beaucoup de luminosité et beaucoup de rénovations d'effectuées. Visite virtuelle disponible maintenant!",249991,CAD,Maison à vendre,"141, Rue  De Billy,Chibougamau",5,2,22604381,https://mspublic.centris.ca/media.ashx?id=ADDD250D2675CEBD1EB58E3D12&t=pi&w=320&h=240&sm=c,https://www.centris.ca/fr/maison~a-vendre~chibougamau/22604381?view=Summary
"Mignon jumelé de 2 chambres, une salle de bains et une salle d'eau. La fondation est moins profonde dans le sol que la majorité des maisons, ce qui permet de grandes fenêtres dans les chambres pour une belle lumière naturelle. Les pièces du RDC sont à aires ouvertes et vous avez accès au patio par la salle à manger.",95000,CAD,Maison à vendre,"103, Rue des Ormes,Lebel-sur-Quévillon",2,2,20948798,https://mspublic.centris.ca/media.ashx?id=ADDD250D237A4AED1268025D1F&t=pi&w=320&h=240&sm=c,https://www.centris.ca/fr/maison~a-vendre~lebel-sur-quevillon/20948798?view=Summary
Maison de 2 chambres avec un 3 1/2 au sous-sol. Elle est située sur un coin de rue près du centre ville. Il y a 2 stationnements indépendants et le logement est accessible par le garage.,120000,CAD,Maison à vendre,"52, Rue des Pins,Lebel-sur-Quévillon",3,2,24591947,https://mspublic.centris.ca/media.ashx?id=ADDD250D2790751D10025C9D12&t=pi&w=320&h=240&sm=c,https://www.centris.ca/fr/maison~a-vendre~lebel-sur-quevillon/24591947?view=Summary
"Logez-vous à petit prix!Exemple:Coût de la propriété 99900$ avec 5% de mise de fond=4995$,emprunt de 94905$,taux d'intérêt à 1,9% amortissement de 25 ans ce qui nous donne 397.31$/mois moins dispendieux qu'un loyer! C'est possible avec se jumelé de 3 chambres a coucher. Près des écoles et du centre ville.",99900,CAD,Maison à vendre,"177, 4e Avenue Nord,Chibougamau",3,2,15111076,https://mspublic.centris.ca/media.ashx?id=ADDD250D29A6846DD5AF28CD1C&t=pi&w=320&h=240&sm=c,https://www.centris.ca/fr/maison~a-vendre~chibougamau/15111076?view=Summary
Besoin d'une place pour bricoler? Un garage et un atelier chauffés vous combleront. Maison avec 4 côtés de briques rénovée au fil des ans. Accueillante et lumineuse ses pièces sont de bonnes dimensions. Découvrez son potentiel!,185000,CAD,Maison à vendre,"79, Rue des Frênes,Lebel-sur-Quévillon",2,1,9586991,https://mspublic.centris.ca/media.ashx?id=ADDD250D26D7B2EDDF4CF46D14&t=pi&w=320&h=240&sm=c,https://www.centris.ca/fr/maison~a-vendre~lebel-sur-quevillon/9586991?view=Summary
"L'intérieur et l'extérieur sont rénovés, 2 chambres à coucher, libre demain.",94900,CAD,Maison mobile à vendre,"1207, 12e Rue,Chibougamau",2,1,21736113,https://mspublic.centris.ca/media.ashx?id=ADDD250D253C4AAD1C98891D14&t=pi&w=320&h=240&sm=c,https://www.centris.ca/fr/maison-mobile~a-vendre~chibougamau/21736113?view=Summary
"Jolie maison mobile de 3 chambres à coucher et possibilité d'une 4e, aucun voisin à l'arrière, elle saura vous plaire.",139900,CAD,Maison mobile à vendre,"1741, Rue  Saint-Luc,Chibougamau",3,1,21049716,https://mspublic.centris.ca/media.ashx?id=ADDD250D23BDBF1D1C1210CD1C&t=pi&w=320&h=240&sm=c,https://www.centris.ca/fr/maison-mobile~a-vendre~chibougamau/21049716?view=Summary
Vous avez ici une belle maison familiale construite sur un grand terrain aménagé d'un grand stationnement double largeur. Deux chambres (possibilité de 3) au RDC et deux autres au sous-sol ainsi que deux salles de bains complète. Parfait pour votre famille!!,110000,CAD,Maison à vendre,"102, Rue des Ormes,Lebel-sur-Quévillon",4,2,11096216,https://mspublic.centris.ca/media.ashx?id=ADDD250D26F456FDD8FEDFBD1D&t=pi&w=320&h=240&sm=c,https://www.centris.ca/fr/maison~a-vendre~lebel-sur-quevillon/11096216?view=Summary
"INVESTISSEUR vous avez ici un bon produit. Loué à des entreprises ce duplex est aussi disponible pour un propriétaire occupant désireux de louer des chambres. Le logement principal offre 3 chambres, une salle de bains complète, une salle d'eau et une salle de lavage indépendante au rez-de-chaussée et 3 chambres plus une salle de bains au sous-sol. Le vendeur laisse sur place tout les meubles et l'équipement.",150000,CAD,Duplex à vendre,"49A - 49B, Rue des Cyprès,Lebel-sur-Quévillon",3,2,17054953,https://mspublic.centris.ca/media.ashx?id=ADDD250D2655EC9D1DC275FD1E&t=pi&w=320&h=240&sm=c,https://www.centris.ca/fr/duplex~a-vendre~lebel-sur-quevillon/17054953?view=Summary
"Propriété ayant beaucoup de potentiel avec son grand terrain. située tout près des écoles et d'un parc, cette maison vous surprendra avec ses 4 chambres à coucher et ses 2 salles de bain. Faites vite!",104500,CAD,Maison à vendre,"115, Rue des Épinettes,Lebel-sur-Quévillon",4,2,16599908,https://mspublic.centris.ca/media.ashx?id=ADDD250D26B26D8DD63C9ACD12&t=pi&w=320&h=240&sm=c,https://www.centris.ca/fr/maison~a-vendre~lebel-sur-quevillon/16599908?view=Summary
"Beau jumelé situé dans un quartier tranquille, bon voisinage et une grande cour arrière pour vos activités en famille ou entre amis.De belles améliorations y ont été apportées au cours des dernières années.Ce jumelé vous offre 3 ch. à c.,une salle familiale ainsi qu'une salle de bain et une salle d'eau.Soyez les premiers à visiter cette propriété !",100000,CAD,Maison à vendre,"66, Rue des Ormes,Lebel-sur-Quévillon",3,2,14407362,https://mspublic.centris.ca/media.ashx?id=ADDD250D26B6640DD393A74D1E&t=pi&w=320&h=240&sm=c,https://www.centris.ca/fr/maison~a-vendre~lebel-sur-quevillon/14407362?view=Summary
"Idéal pour propriétaire occupant, le loyer du 766 entièrement rénové, grand terrain sur coin de rue. Près du centre-ville. Une visite vous convaincra. Jean-François 418-770-5211 Sylvie 418-770-1329",174500,CAD,Maison à vendre,"764 - 766, 5e Rue,Chibougamau",2,1,14304861,https://mspublic.centris.ca/media.ashx?id=ADDD250D29B552ADD38CAE3D1A&t=pi&w=320&h=240&sm=c,https://www.centris.ca/fr/maison~a-vendre~chibougamau/14304861?view=Summary
"Propriété de choix à une quinzaine de minutes du centre-ville, navigable, paisible, paysager. Verrière et foyer au bois pour une ambiance du tonnerre. Grand terrain clôturé avec quai et lac navigable en toile de fond. Plusieurs pièces spacieuses sont au sous-sol avec sortie extérieure à la hauteur du terrain. Vivre les vacances à l'année!!",319999,CAD,Maison à vendre,"4, Chemin de la Baie-Queylus,Chibougamau",3,3,20549041,https://mspublic.centris.ca/media.ashx?id=ADDD250D2ED4A6CD12FB391D1A&t=pi&w=320&h=240&sm=c,https://www.centris.ca/fr/maison~a-vendre~chibougamau/20549041?view=Summary
"Grande maison avec un super potentiel. Idéal pour petit budget. Beaucoup de rangement à la cuisine et les chambres à coucher sont isolés des bruits de la maison par une porte en guise de séparation. Près des écoles et du parc, idéale pour votre famille. POSSIBILITÉ DE REVENU - LOCATION DU SOUS-SOL AVEC ENTRÉE INDÉPENDANTE",95000,CAD,Maison à vendre,"60, Rue des Sapins,Lebel-sur-Quévillon",5,3,28668535,https://mspublic.centris.ca/media.ashx?id=ADDD250D27D5F06D19E0400D14&t=pi&w=320&h=240&sm=c,https://www.centris.ca/fr/maison~a-vendre~lebel-sur-quevillon/28668535?view=Summary
"Belle propriété avec grand terrain clôturé et entrée asphaltée! Quelques rénovations faites au fil des ans. Possibilité de faire un grand logement au sous-sol, avec entrée indépendante. Venez visiter, vous serez charmés!",120000,CAD,Maison à vendre,"73, Rue des Cèdres,Lebel-sur-Quévillon",6,2,22848037,https://mspublic.centris.ca/media.ashx?id=ADDD250D2311468D1E7844ED11&t=pi&w=320&h=240&sm=c,https://www.centris.ca/fr/maison~a-vendre~lebel-sur-quevillon/22848037?view=Summary
"Belle maison entièrement rénovée au goût du jour. Chambre des maîtres au rez-de-chaussée, deux à l'étage et une au sous-sol. Deux salles de bains complètes avec douche vitrées. Salle de lavage et salle familiale au sous-sol.",185000,CAD,Maison à vendre,"95, Rue des Peupliers,Lebel-sur-Quévillon",4,2,12928428,https://mspublic.centris.ca/media.ashx?id=ADDD250D26DDBA9DD7ECE87D1D&t=pi&w=320&h=240&sm=c,https://www.centris.ca/fr/maison~a-vendre~lebel-sur-quevillon/12928428?view=Summary
"CLÉ EN MAINS - Maison mobile bien entretenue avec annexe (8 x 42). Grand hall d'entrée et pièces communes à aires ouvertes. 3 chambres de bonnes dimensions et salle de lavage indépendante. Cuisine et salle de bains, entièrement refaits au goût du jour.",101500,CAD,Maison mobile à vendre,"67, Place  J.-E.-Rivest,Lebel-sur-Quévillon",3,1,23397722,https://mspublic.centris.ca/media.ashx?id=ADDD250D2593EABD1AEDEE8D1C&t=pi&w=320&h=240&sm=c,https://www.centris.ca/fr/maison-mobile~a-vendre~lebel-sur-quevillon/23397722?view=Summary
"À qui la chance? Maison spacieuse située sur un beau terrain.Au rdc, vous y trouverez de bels espaces de vie dont salon,cuisine et 3 chambres à coucher avec des planchers de bois et de céramique.Au sous-sol, il y a beaucoup d'espace de rangement.Grande cour clôturée pouvant être aménagée à votre goût.N'attendez plus, contactez-moi pour une visite !",125000,CAD,Maison à vendre,"73, Rue des Peupliers,Lebel-sur-Quévillon",5,2,26271696,https://mspublic.centris.ca/media.ashx?id=ADDD250D26FD423D1FD363DD1E&t=pi&w=320&h=240&sm=c,https://www.centris.ca/fr/maison~a-vendre~lebel-sur-quevillon/26271696?view=Summary
"Maison de style unique avec ces 9 chambres à coucher et plus, elle saura vous plaire avec son terrain boisé comme villégiature. Les taxes municipales seront réduites sous peut pour devenir une taxe résidentiel.",450000,CAD,Maison à vendre,"878, 6e Rue Ouest,Chibougamau",9,3,15473248,https://mspublic.centris.ca/media.ashx?id=ADDD250D2760D23DD5718ADD14&t=pi&w=320&h=240&sm=c,https://www.centris.ca/fr/maison~a-vendre~chibougamau/15473248?view=Summary
"Maison en villégiature, beaucoup d'espace, grand terrain sur le bord du lac Doré. Tranquillité assurée! 3 chambres, possibilité d'en ajouter au sous-sol. Une visite vous enchantera! Lynda Desgagné 418-770-9038",318500,CAD,Chalet à vendre,"244, Chemin du Lac-aux-Dorés,Chibougamau",3,2,23968696,https://mspublic.centris.ca/media.ashx?id=ADDD250D2690781D1A3999BD1D&t=pi&w=320&h=240&sm=c,https://www.centris.ca/fr/chalet~a-vendre~chibougamau/23968696?view=Summary
"Magnifique maison située près d'une rivière, avec vue sur l'eau et près de tous les services. Avec 4 chambres, piscine, spa, grande cour arrière clôturée. Parfait pour une famille. Pour plus d'infos, contactez Lynda Gauthier au 418-770-9038.",279500,CAD,Maison à vendre,"196, 2e Avenue,Chibougamau",4,2,21497464,https://mspublic.centris.ca/media.ashx?id=ADDD250D239E5BAD1CBDA0BD1F&t=pi&w=320&h=240&sm=c,https://www.centris.ca/fr/maison~a-vendre~chibougamau/21497464?view=Summary
